frame,date,site,crow_all,crow_feed,proportion,Sample_Point,food_amount,distance
1,20210210,Food101,0,0,NA,101,0,40
2,20210210,Food101,0,0,NA,101,0,40
3,20210210,Food101,0,0,NA,101,0,40
4,20210210,Food101,0,0,NA,101,0,40
5,20210210,Food101,0,0,NA,101,0,40
6,20210210,Food101,0,0,NA,101,0,40
7,20210210,Food101,0,0,NA,101,0,40
8,20210210,Food101,0,0,NA,101,0,40
9,20210210,Food101,0,0,NA,101,0,40
10,20210210,Food101,0,0,NA,101,0,40
11,20210210,Food101,0,0,NA,101,0,40
12,20210210,Food101,0,0,NA,101,0,40
13,20210210,Food101,0,0,NA,101,0,40
14,20210210,Food101,0,0,NA,101,0,40
15,20210210,Food101,0,0,NA,101,0,40
16,20210210,Food101,0,0,NA,101,0,40
17,20210210,Food101,0,0,NA,101,0,40
18,20210210,Food101,0,0,NA,101,0,40
19,20210210,Food101,0,0,NA,101,0,40
20,20210210,Food101,0,0,NA,101,0,40
21,20210210,Food101,0,0,NA,101,0,40
22,20210210,Food101,0,0,NA,101,0,40
23,20210210,Food101,0,0,NA,101,0,40
24,20210210,Food101,0,0,NA,101,0,40
25,20210210,Food101,0,0,NA,101,0,40
26,20210210,Food101,0,0,NA,101,0,40
27,20210210,Food101,0,0,NA,101,0,40
28,20210210,Food101,0,0,NA,101,0,40
29,20210210,Food101,0,0,NA,101,0,40
30,20210210,Food101,0,0,NA,101,0,40
31,20210210,Food101,0,0,NA,101,0,40
32,20210210,Food101,0,0,NA,101,0,40
33,20210210,Food101,0,0,NA,101,0,40
34,20210210,Food101,0,0,NA,101,0,40
35,20210210,Food101,0,0,NA,101,0,40
36,20210210,Food101,0,0,NA,101,0,40
37,20210210,Food101,0,0,NA,101,0,40
38,20210210,Food101,0,0,NA,101,0,40
39,20210210,Food101,0,0,NA,101,0,40
40,20210210,Food101,0,0,NA,101,0,40
1,20210210,Food102,0,0,NA,102,6,80
2,20210210,Food102,0,0,NA,102,6,80
3,20210210,Food102,0,0,NA,102,6,80
4,20210210,Food102,0,0,NA,102,6,80
5,20210210,Food102,0,0,NA,102,6,80
6,20210210,Food102,0,0,NA,102,6,80
7,20210210,Food102,0,0,NA,102,6,80
8,20210210,Food102,0,0,NA,102,6,80
9,20210210,Food102,0,0,NA,102,6,80
10,20210210,Food102,0,0,NA,102,6,80
11,20210210,Food102,0,0,NA,102,6,80
12,20210210,Food102,0,0,NA,102,6,80
13,20210210,Food102,0,0,NA,102,6,80
14,20210210,Food102,0,0,NA,102,6,80
15,20210210,Food102,0,0,NA,102,6,80
16,20210210,Food102,0,0,NA,102,6,80
17,20210210,Food102,0,0,NA,102,6,80
18,20210210,Food102,0,0,NA,102,6,80
19,20210210,Food102,1,0,0,102,6,80
20,20210210,Food102,1,0,0,102,6,80
21,20210210,Food102,5,2,0.4,102,6,80
22,20210210,Food102,3,0,0,102,6,80
23,20210210,Food102,3,0,0,102,6,80
24,20210210,Food102,1,0,0,102,6,80
25,20210210,Food102,5,1,0.2,102,6,80
26,20210210,Food102,4,1,0.25,102,6,80
27,20210210,Food102,6,4,0.6666666666666666,102,6,80
28,20210210,Food102,0,0,NA,102,6,80
29,20210210,Food102,6,3,0.5,102,6,80
30,20210210,Food102,4,2,0.5,102,6,80
31,20210210,Food102,4,2,0.5,102,6,80
32,20210210,Food102,3,1,0.3333333333333333,102,6,80
33,20210210,Food102,3,1,0.3333333333333333,102,6,80
34,20210210,Food102,1,0,0,102,6,80
35,20210210,Food102,1,1,1,102,6,80
36,20210210,Food102,4,2,0.5,102,6,80
37,20210210,Food102,5,1,0.2,102,6,80
38,20210210,Food102,0,0,NA,102,6,80
39,20210210,Food102,0,0,NA,102,6,80
40,20210210,Food102,0,0,NA,102,6,80
1,20210210,Food104,3,0,0,104,36,120
2,20210210,Food104,5,2,0.4,104,36,120
3,20210210,Food104,0,0,NA,104,36,120
4,20210210,Food104,0,0,NA,104,36,120
5,20210210,Food104,5,3,0.6,104,36,120
6,20210210,Food104,7,3,0.42857142857142855,104,36,120
7,20210210,Food104,0,0,NA,104,36,120
8,20210210,Food104,7,2,0.2857142857142857,104,36,120
9,20210210,Food104,8,3,0.375,104,36,120
10,20210210,Food104,8,2,0.25,104,36,120
11,20210210,Food104,8,1,0.125,104,36,120
12,20210210,Food104,7,2,0.2857142857142857,104,36,120
13,20210210,Food104,9,0,0,104,36,120
14,20210210,Food104,14,2,0.14285714285714285,104,36,120
15,20210210,Food104,11,1,0.09090909090909091,104,36,120
16,20210210,Food104,8,1,0.125,104,36,120
17,20210210,Food104,11,1,0.09090909090909091,104,36,120
18,20210210,Food104,0,0,NA,104,36,120
19,20210210,Food104,0,0,NA,104,36,120
20,20210210,Food104,0,0,NA,104,36,120
21,20210210,Food104,15,4,0.26666666666666666,104,36,120
22,20210210,Food104,13,5,0.38461538461538464,104,36,120
23,20210210,Food104,15,5,0.3333333333333333,104,36,120
24,20210210,Food104,20,7,0.35,104,36,120
25,20210210,Food104,16,5,0.3125,104,36,120
26,20210210,Food104,0,0,NA,104,36,120
27,20210210,Food104,0,0,NA,104,36,120
28,20210210,Food104,0,0,NA,104,36,120
29,20210210,Food104,0,0,NA,104,36,120
30,20210210,Food104,10,7,0.7,104,36,120
31,20210210,Food104,0,0,NA,104,36,120
32,20210210,Food104,0,0,NA,104,36,120
33,20210210,Food104,0,0,NA,104,36,120
34,20210210,Food104,0,0,NA,104,36,120
35,20210210,Food104,0,0,NA,104,36,120
36,20210210,Food104,0,0,NA,104,36,120
37,20210210,Food104,0,0,NA,104,36,120
38,20210210,Food104,0,0,NA,104,36,120
39,20210210,Food104,13,5,0.38461538461538464,104,36,120
40,20210210,Food104,14,4,0.2857142857142857,104,36,120
1,20210210,Food106,32,5,0.15625,106,18,160
2,20210210,Food106,21,7,0.3333333333333333,106,18,160
3,20210210,Food106,0,0,NA,106,18,160
4,20210210,Food106,0,0,NA,106,18,160
5,20210210,Food106,42,5,0.11904761904761904,106,18,160
6,20210210,Food106,0,0,NA,106,18,160
7,20210210,Food106,0,0,NA,106,18,160
8,20210210,Food106,0,0,NA,106,18,160
9,20210210,Food106,0,0,NA,106,18,160
10,20210210,Food106,0,0,NA,106,18,160
11,20210210,Food106,0,0,NA,106,18,160
12,20210210,Food106,30,4,0.13333333333333333,106,18,160
13,20210210,Food106,0,0,NA,106,18,160
14,20210210,Food106,0,0,NA,106,18,160
15,20210210,Food106,47,10,0.2127659574468085,106,18,160
16,20210210,Food106,38,14,0.3684210526315789,106,18,160
17,20210210,Food106,45,10,0.2222222222222222,106,18,160
18,20210210,Food106,48,11,0.22916666666666666,106,18,160
19,20210210,Food106,34,8,0.23529411764705882,106,18,160
20,20210210,Food106,0,0,NA,106,18,160
21,20210210,Food106,38,7,0.18421052631578946,106,18,160
22,20210210,Food106,42,13,0.30952380952380953,106,18,160
23,20210210,Food106,30,10,0.3333333333333333,106,18,160
24,20210210,Food106,21,2,0.09523809523809523,106,18,160
25,20210210,Food106,26,10,0.38461538461538464,106,18,160
26,20210210,Food106,20,5,0.25,106,18,160
27,20210210,Food106,17,6,0.35294117647058826,106,18,160
28,20210210,Food106,25,9,0.36,106,18,160
29,20210210,Food106,17,8,0.47058823529411764,106,18,160
30,20210210,Food106,20,12,0.6,106,18,160
31,20210210,Food106,0,0,NA,106,18,160
32,20210210,Food106,0,0,NA,106,18,160
33,20210210,Food106,0,0,NA,106,18,160
34,20210210,Food106,17,10,0.5882352941176471,106,18,160
35,20210210,Food106,12,7,0.5833333333333334,106,18,160
36,20210210,Food106,15,5,0.3333333333333333,106,18,160
37,20210210,Food106,9,3,0.3333333333333333,106,18,160
38,20210210,Food106,9,6,0.6666666666666666,106,18,160
39,20210210,Food106,8,3,0.375,106,18,160
40,20210210,Food106,0,0,NA,106,18,160
1,20210211,Food101,0,0,NA,101,18,40
2,20210211,Food101,0,0,NA,101,18,40
3,20210211,Food101,0,0,NA,101,18,40
4,20210211,Food101,0,0,NA,101,18,40
5,20210211,Food101,0,0,NA,101,18,40
6,20210211,Food101,0,0,NA,101,18,40
7,20210211,Food101,0,0,NA,101,18,40
8,20210211,Food101,0,0,NA,101,18,40
9,20210211,Food101,0,0,NA,101,18,40
10,20210211,Food101,0,0,NA,101,18,40
11,20210211,Food101,0,0,NA,101,18,40
12,20210211,Food101,0,0,NA,101,18,40
13,20210211,Food101,0,0,NA,101,18,40
14,20210211,Food101,0,0,NA,101,18,40
15,20210211,Food101,0,0,NA,101,18,40
16,20210211,Food101,0,0,NA,101,18,40
17,20210211,Food101,0,0,NA,101,18,40
18,20210211,Food101,0,0,NA,101,18,40
19,20210211,Food101,0,0,NA,101,18,40
20,20210211,Food101,0,0,NA,101,18,40
21,20210211,Food101,0,0,NA,101,18,40
22,20210211,Food101,1,0,0,101,18,40
23,20210211,Food101,1,0,0,101,18,40
24,20210211,Food101,3,1,0.3333333333333333,101,18,40
25,20210211,Food101,4,1,0.25,101,18,40
26,20210211,Food101,2,0,0,101,18,40
27,20210211,Food101,2,0,0,101,18,40
28,20210211,Food101,2,2,1,101,18,40
29,20210211,Food101,3,0,0,101,18,40
30,20210211,Food101,1,1,1,101,18,40
31,20210211,Food101,1,0,0,101,18,40
32,20210211,Food101,1,0,0,101,18,40
33,20210211,Food101,1,0,0,101,18,40
34,20210211,Food101,0,0,NA,101,18,40
35,20210211,Food101,0,0,NA,101,18,40
36,20210211,Food101,0,0,NA,101,18,40
37,20210211,Food101,0,0,NA,101,18,40
38,20210211,Food101,0,0,NA,101,18,40
39,20210211,Food101,0,0,NA,101,18,40
40,20210211,Food101,2,1,0.5,101,18,40
1,20210211,Food102,0,0,NA,102,36,80
2,20210211,Food102,0,0,NA,102,36,80
3,20210211,Food102,0,0,NA,102,36,80
4,20210211,Food102,0,0,NA,102,36,80
5,20210211,Food102,0,0,NA,102,36,80
6,20210211,Food102,0,0,NA,102,36,80
7,20210211,Food102,0,0,NA,102,36,80
8,20210211,Food102,0,0,NA,102,36,80
9,20210211,Food102,0,0,NA,102,36,80
10,20210211,Food102,0,0,NA,102,36,80
11,20210211,Food102,0,0,NA,102,36,80
12,20210211,Food102,0,0,NA,102,36,80
13,20210211,Food102,2,0,0,102,36,80
14,20210211,Food102,3,0,0,102,36,80
15,20210211,Food102,2,0,0,102,36,80
16,20210211,Food102,4,0,0,102,36,80
17,20210211,Food102,3,0,0,102,36,80
18,20210211,Food102,8,1,0.125,102,36,80
19,20210211,Food102,10,1,0.1,102,36,80
20,20210211,Food102,11,1,0.09090909090909091,102,36,80
21,20210211,Food102,24,10,0.4166666666666667,102,36,80
22,20210211,Food102,23,9,0.391304347826087,102,36,80
23,20210211,Food102,30,10,0.3333333333333333,102,36,80
24,20210211,Food102,25,8,0.32,102,36,80
25,20210211,Food102,40,18,0.45,102,36,80
26,20210211,Food102,35,18,0.5142857142857142,102,36,80
27,20210211,Food102,33,13,0.3939393939393939,102,36,80
28,20210211,Food102,35,11,0.3142857142857143,102,36,80
29,20210211,Food102,39,11,0.28205128205128205,102,36,80
30,20210211,Food102,27,13,0.48148148148148145,102,36,80
31,20210211,Food102,23,12,0.5217391304347826,102,36,80
32,20210211,Food102,22,15,0.6818181818181818,102,36,80
33,20210211,Food102,28,10,0.35714285714285715,102,36,80
34,20210211,Food102,19,8,0.42105263157894735,102,36,80
35,20210211,Food102,23,10,0.43478260869565216,102,36,80
36,20210211,Food102,17,5,0.29411764705882354,102,36,80
37,20210211,Food102,14,6,0.42857142857142855,102,36,80
38,20210211,Food102,13,8,0.6153846153846154,102,36,80
39,20210211,Food102,13,4,0.3076923076923077,102,36,80
40,20210211,Food102,11,3,0.2727272727272727,102,36,80
1,20210211,Food104,4,1,0.25,104,6,120
2,20210211,Food104,3,0,0,104,6,120
3,20210211,Food104,5,0,0,104,6,120
4,20210211,Food104,5,1,0.2,104,6,120
5,20210211,Food104,3,0,0,104,6,120
6,20210211,Food104,5,1,0.2,104,6,120
7,20210211,Food104,5,0,0,104,6,120
8,20210211,Food104,7,0,0,104,6,120
9,20210211,Food104,5,0,0,104,6,120
10,20210211,Food104,5,0,0,104,6,120
11,20210211,Food104,6,1,0.16666666666666666,104,6,120
12,20210211,Food104,14,2,0.14285714285714285,104,6,120
13,20210211,Food104,15,1,0.06666666666666667,104,6,120
14,20210211,Food104,20,3,0.15,104,6,120
15,20210211,Food104,26,2,0.07692307692307693,104,6,120
16,20210211,Food104,24,4,0.16666666666666666,104,6,120
17,20210211,Food104,22,5,0.22727272727272727,104,6,120
18,20210211,Food104,19,2,0.10526315789473684,104,6,120
19,20210211,Food104,14,3,0.21428571428571427,104,6,120
20,20210211,Food104,12,2,0.16666666666666666,104,6,120
21,20210211,Food104,24,9,0.375,104,6,120
22,20210211,Food104,16,7,0.4375,104,6,120
23,20210211,Food104,20,6,0.3,104,6,120
24,20210211,Food104,22,4,0.18181818181818182,104,6,120
25,20210211,Food104,20,2,0.1,104,6,120
26,20210211,Food104,15,4,0.26666666666666666,104,6,120
27,20210211,Food104,14,6,0.42857142857142855,104,6,120
28,20210211,Food104,14,3,0.21428571428571427,104,6,120
29,20210211,Food104,0,0,NA,104,6,120
30,20210211,Food104,9,3,0.3333333333333333,104,6,120
31,20210211,Food104,8,2,0.25,104,6,120
32,20210211,Food104,7,4,0.5714285714285714,104,6,120
33,20210211,Food104,8,2,0.25,104,6,120
34,20210211,Food104,5,3,0.6,104,6,120
35,20210211,Food104,9,4,0.4444444444444444,104,6,120
36,20210211,Food104,6,3,0.5,104,6,120
37,20210211,Food104,7,5,0.7142857142857143,104,6,120
38,20210211,Food104,5,3,0.6,104,6,120
39,20210211,Food104,5,3,0.6,104,6,120
40,20210211,Food104,3,2,0.6666666666666666,104,6,120
1,20210211,Food106,0,0,NA,106,0,160
2,20210211,Food106,0,0,NA,106,0,160
3,20210211,Food106,0,0,NA,106,0,160
4,20210211,Food106,0,0,NA,106,0,160
5,20210211,Food106,0,0,NA,106,0,160
6,20210211,Food106,0,0,NA,106,0,160
7,20210211,Food106,0,0,NA,106,0,160
8,20210211,Food106,0,0,NA,106,0,160
9,20210211,Food106,0,0,NA,106,0,160
10,20210211,Food106,0,0,NA,106,0,160
11,20210211,Food106,0,0,NA,106,0,160
12,20210211,Food106,0,0,NA,106,0,160
13,20210211,Food106,0,0,NA,106,0,160
14,20210211,Food106,0,0,NA,106,0,160
15,20210211,Food106,0,0,NA,106,0,160
16,20210211,Food106,0,0,NA,106,0,160
17,20210211,Food106,0,0,NA,106,0,160
18,20210211,Food106,0,0,NA,106,0,160
19,20210211,Food106,0,0,NA,106,0,160
20,20210211,Food106,0,0,NA,106,0,160
21,20210211,Food106,0,0,NA,106,0,160
22,20210211,Food106,0,0,NA,106,0,160
23,20210211,Food106,0,0,NA,106,0,160
24,20210211,Food106,0,0,NA,106,0,160
25,20210211,Food106,0,0,NA,106,0,160
26,20210211,Food106,0,0,NA,106,0,160
27,20210211,Food106,0,0,NA,106,0,160
28,20210211,Food106,0,0,NA,106,0,160
29,20210211,Food106,0,0,NA,106,0,160
30,20210211,Food106,0,0,NA,106,0,160
31,20210211,Food106,0,0,NA,106,0,160
32,20210211,Food106,0,0,NA,106,0,160
33,20210211,Food106,0,0,NA,106,0,160
34,20210211,Food106,0,0,NA,106,0,160
35,20210211,Food106,0,0,NA,106,0,160
36,20210211,Food106,0,0,NA,106,0,160
37,20210211,Food106,0,0,NA,106,0,160
38,20210211,Food106,0,0,NA,106,0,160
39,20210211,Food106,0,0,NA,106,0,160
40,20210211,Food106,0,0,NA,106,0,160
1,20210212,Food101,0,0,NA,101,6,40
2,20210212,Food101,0,0,NA,101,6,40
3,20210212,Food101,0,0,NA,101,6,40
4,20210212,Food101,0,0,NA,101,6,40
5,20210212,Food101,0,0,NA,101,6,40
6,20210212,Food101,0,0,NA,101,6,40
7,20210212,Food101,0,0,NA,101,6,40
8,20210212,Food101,0,0,NA,101,6,40
9,20210212,Food101,0,0,NA,101,6,40
10,20210212,Food101,0,0,NA,101,6,40
11,20210212,Food101,0,0,NA,101,6,40
12,20210212,Food101,0,0,NA,101,6,40
13,20210212,Food101,0,0,NA,101,6,40
14,20210212,Food101,0,0,NA,101,6,40
15,20210212,Food101,0,0,NA,101,6,40
16,20210212,Food101,0,0,NA,101,6,40
17,20210212,Food101,0,0,NA,101,6,40
18,20210212,Food101,0,0,NA,101,6,40
19,20210212,Food101,0,0,NA,101,6,40
20,20210212,Food101,0,0,NA,101,6,40
21,20210212,Food101,0,0,NA,101,6,40
22,20210212,Food101,0,0,NA,101,6,40
23,20210212,Food101,0,0,NA,101,6,40
24,20210212,Food101,0,0,NA,101,6,40
25,20210212,Food101,0,0,NA,101,6,40
26,20210212,Food101,0,0,NA,101,6,40
27,20210212,Food101,0,0,NA,101,6,40
28,20210212,Food101,0,0,NA,101,6,40
29,20210212,Food101,0,0,NA,101,6,40
30,20210212,Food101,0,0,NA,101,6,40
31,20210212,Food101,0,0,NA,101,6,40
32,20210212,Food101,0,0,NA,101,6,40
33,20210212,Food101,0,0,NA,101,6,40
34,20210212,Food101,0,0,NA,101,6,40
35,20210212,Food101,0,0,NA,101,6,40
36,20210212,Food101,0,0,NA,101,6,40
37,20210212,Food101,0,0,NA,101,6,40
38,20210212,Food101,0,0,NA,101,6,40
39,20210212,Food101,0,0,NA,101,6,40
40,20210212,Food101,0,0,NA,101,6,40
1,20210212,Food102,0,0,NA,102,18,80
2,20210212,Food102,0,0,NA,102,18,80
3,20210212,Food102,0,0,NA,102,18,80
4,20210212,Food102,0,0,NA,102,18,80
5,20210212,Food102,0,0,NA,102,18,80
6,20210212,Food102,0,0,NA,102,18,80
7,20210212,Food102,0,0,NA,102,18,80
8,20210212,Food102,0,0,NA,102,18,80
9,20210212,Food102,0,0,NA,102,18,80
10,20210212,Food102,0,0,NA,102,18,80
11,20210212,Food102,0,0,NA,102,18,80
12,20210212,Food102,0,0,NA,102,18,80
13,20210212,Food102,0,0,NA,102,18,80
14,20210212,Food102,0,0,NA,102,18,80
15,20210212,Food102,0,0,NA,102,18,80
16,20210212,Food102,0,0,NA,102,18,80
17,20210212,Food102,0,0,NA,102,18,80
18,20210212,Food102,0,0,NA,102,18,80
19,20210212,Food102,0,0,NA,102,18,80
20,20210212,Food102,0,0,NA,102,18,80
21,20210212,Food102,0,0,NA,102,18,80
22,20210212,Food102,0,0,NA,102,18,80
23,20210212,Food102,0,0,NA,102,18,80
24,20210212,Food102,0,0,NA,102,18,80
25,20210212,Food102,0,0,NA,102,18,80
26,20210212,Food102,0,0,NA,102,18,80
27,20210212,Food102,0,0,NA,102,18,80
28,20210212,Food102,0,0,NA,102,18,80
29,20210212,Food102,0,0,NA,102,18,80
30,20210212,Food102,0,0,NA,102,18,80
31,20210212,Food102,0,0,NA,102,18,80
32,20210212,Food102,0,0,NA,102,18,80
33,20210212,Food102,0,0,NA,102,18,80
34,20210212,Food102,0,0,NA,102,18,80
35,20210212,Food102,0,0,NA,102,18,80
36,20210212,Food102,0,0,NA,102,18,80
37,20210212,Food102,0,0,NA,102,18,80
38,20210212,Food102,0,0,NA,102,18,80
39,20210212,Food102,0,0,NA,102,18,80
40,20210212,Food102,0,0,NA,102,18,80
1,20210212,Food104,0,0,NA,104,0,120
2,20210212,Food104,0,0,NA,104,0,120
3,20210212,Food104,0,0,NA,104,0,120
4,20210212,Food104,0,0,NA,104,0,120
5,20210212,Food104,0,0,NA,104,0,120
6,20210212,Food104,0,0,NA,104,0,120
7,20210212,Food104,0,0,NA,104,0,120
8,20210212,Food104,0,0,NA,104,0,120
9,20210212,Food104,0,0,NA,104,0,120
10,20210212,Food104,0,0,NA,104,0,120
11,20210212,Food104,0,0,NA,104,0,120
12,20210212,Food104,0,0,NA,104,0,120
13,20210212,Food104,0,0,NA,104,0,120
14,20210212,Food104,0,0,NA,104,0,120
15,20210212,Food104,0,0,NA,104,0,120
16,20210212,Food104,0,0,NA,104,0,120
17,20210212,Food104,0,0,NA,104,0,120
18,20210212,Food104,0,0,NA,104,0,120
19,20210212,Food104,0,0,NA,104,0,120
20,20210212,Food104,0,0,NA,104,0,120
21,20210212,Food104,0,0,NA,104,0,120
22,20210212,Food104,0,0,NA,104,0,120
23,20210212,Food104,0,0,NA,104,0,120
24,20210212,Food104,0,0,NA,104,0,120
25,20210212,Food104,0,0,NA,104,0,120
26,20210212,Food104,0,0,NA,104,0,120
27,20210212,Food104,0,0,NA,104,0,120
28,20210212,Food104,0,0,NA,104,0,120
29,20210212,Food104,0,0,NA,104,0,120
30,20210212,Food104,0,0,NA,104,0,120
31,20210212,Food104,0,0,NA,104,0,120
32,20210212,Food104,0,0,NA,104,0,120
33,20210212,Food104,0,0,NA,104,0,120
34,20210212,Food104,0,0,NA,104,0,120
35,20210212,Food104,0,0,NA,104,0,120
36,20210212,Food104,0,0,NA,104,0,120
37,20210212,Food104,0,0,NA,104,0,120
38,20210212,Food104,0,0,NA,104,0,120
39,20210212,Food104,0,0,NA,104,0,120
40,20210212,Food104,0,0,NA,104,0,120
1,20210212,Food106,0,0,NA,106,36,160
2,20210212,Food106,0,0,NA,106,36,160
3,20210212,Food106,0,0,NA,106,36,160
4,20210212,Food106,0,0,NA,106,36,160
5,20210212,Food106,0,0,NA,106,36,160
6,20210212,Food106,1,0,0,106,36,160
7,20210212,Food106,0,0,NA,106,36,160
8,20210212,Food106,3,1,0.3333333333333333,106,36,160
9,20210212,Food106,6,0,0,106,36,160
10,20210212,Food106,0,0,NA,106,36,160
11,20210212,Food106,0,0,NA,106,36,160
12,20210212,Food106,7,1,0.14285714285714285,106,36,160
13,20210212,Food106,7,1,0.14285714285714285,106,36,160
14,20210212,Food106,0,0,NA,106,36,160
15,20210212,Food106,0,0,NA,106,36,160
16,20210212,Food106,0,0,NA,106,36,160
17,20210212,Food106,0,0,NA,106,36,160
18,20210212,Food106,0,0,NA,106,36,160
19,20210212,Food106,0,0,NA,106,36,160
20,20210212,Food106,14,0,0,106,36,160
21,20210212,Food106,12,5,0.4166666666666667,106,36,160
22,20210212,Food106,0,0,NA,106,36,160
23,20210212,Food106,13,5,0.38461538461538464,106,36,160
24,20210212,Food106,0,0,NA,106,36,160
25,20210212,Food106,19,9,0.47368421052631576,106,36,160
26,20210212,Food106,17,15,0.8823529411764706,106,36,160
27,20210212,Food106,16,4,0.25,106,36,160
28,20210212,Food106,14,11,0.7857142857142857,106,36,160
29,20210212,Food106,15,8,0.5333333333333333,106,36,160
30,20210212,Food106,14,5,0.35714285714285715,106,36,160
31,20210212,Food106,14,6,0.42857142857142855,106,36,160
32,20210212,Food106,15,6,0.4,106,36,160
33,20210212,Food106,13,6,0.46153846153846156,106,36,160
34,20210212,Food106,0,0,NA,106,36,160
35,20210212,Food106,7,1,0.14285714285714285,106,36,160
36,20210212,Food106,9,6,0.6666666666666666,106,36,160
37,20210212,Food106,9,4,0.4444444444444444,106,36,160
38,20210212,Food106,10,5,0.5,106,36,160
39,20210212,Food106,11,4,0.36363636363636365,106,36,160
40,20210212,Food106,15,7,0.4666666666666667,106,36,160
1,20210213,Food101,2,0,0,101,36,40
2,20210213,Food101,0,0,NA,101,36,40
3,20210213,Food101,0,0,NA,101,36,40
4,20210213,Food101,0,0,NA,101,36,40
5,20210213,Food101,0,0,NA,101,36,40
6,20210213,Food101,0,0,NA,101,36,40
7,20210213,Food101,0,0,NA,101,36,40
8,20210213,Food101,0,0,NA,101,36,40
9,20210213,Food101,0,0,NA,101,36,40
10,20210213,Food101,0,0,NA,101,36,40
11,20210213,Food101,0,0,NA,101,36,40
12,20210213,Food101,0,0,NA,101,36,40
13,20210213,Food101,0,0,NA,101,36,40
14,20210213,Food101,0,0,NA,101,36,40
15,20210213,Food101,0,0,NA,101,36,40
16,20210213,Food101,13,5,0.38461538461538464,101,36,40
17,20210213,Food101,11,5,0.45454545454545453,101,36,40
18,20210213,Food101,0,0,NA,101,36,40
19,20210213,Food101,14,5,0.35714285714285715,101,36,40
20,20210213,Food101,11,2,0.18181818181818182,101,36,40
21,20210213,Food101,15,9,0.6,101,36,40
22,20210213,Food101,13,9,0.6923076923076923,101,36,40
23,20210213,Food101,12,10,0.8333333333333334,101,36,40
24,20210213,Food101,17,13,0.7647058823529411,101,36,40
25,20210213,Food101,17,8,0.47058823529411764,101,36,40
26,20210213,Food101,18,9,0.5,101,36,40
27,20210213,Food101,19,10,0.5263157894736842,101,36,40
28,20210213,Food101,19,2,0.10526315789473684,101,36,40
29,20210213,Food101,2,0,0,101,36,40
30,20210213,Food101,10,3,0.3,101,36,40
31,20210213,Food101,18,6,0.3333333333333333,101,36,40
32,20210213,Food101,18,8,0.4444444444444444,101,36,40
33,20210213,Food101,15,10,0.6666666666666666,101,36,40
34,20210213,Food101,18,11,0.6111111111111112,101,36,40
35,20210213,Food101,19,11,0.5789473684210527,101,36,40
36,20210213,Food101,20,8,0.4,101,36,40
37,20210213,Food101,20,12,0.6,101,36,40
38,20210213,Food101,0,0,NA,101,36,40
39,20210213,Food101,24,15,0.625,101,36,40
40,20210213,Food101,29,18,0.6206896551724138,101,36,40
1,20210213,Food102,0,0,NA,102,0,80
2,20210213,Food102,0,0,NA,102,0,80
3,20210213,Food102,0,0,NA,102,0,80
4,20210213,Food102,0,0,NA,102,0,80
5,20210213,Food102,0,0,NA,102,0,80
6,20210213,Food102,0,0,NA,102,0,80
7,20210213,Food102,0,0,NA,102,0,80
8,20210213,Food102,0,0,NA,102,0,80
9,20210213,Food102,0,0,NA,102,0,80
10,20210213,Food102,0,0,NA,102,0,80
11,20210213,Food102,0,0,NA,102,0,80
12,20210213,Food102,0,0,NA,102,0,80
13,20210213,Food102,0,0,NA,102,0,80
14,20210213,Food102,0,0,NA,102,0,80
15,20210213,Food102,0,0,NA,102,0,80
16,20210213,Food102,0,0,NA,102,0,80
17,20210213,Food102,0,0,NA,102,0,80
18,20210213,Food102,0,0,NA,102,0,80
19,20210213,Food102,0,0,NA,102,0,80
20,20210213,Food102,0,0,NA,102,0,80
21,20210213,Food102,0,0,NA,102,0,80
22,20210213,Food102,0,0,NA,102,0,80
23,20210213,Food102,0,0,NA,102,0,80
24,20210213,Food102,0,0,NA,102,0,80
25,20210213,Food102,0,0,NA,102,0,80
26,20210213,Food102,0,0,NA,102,0,80
27,20210213,Food102,0,0,NA,102,0,80
28,20210213,Food102,0,0,NA,102,0,80
29,20210213,Food102,0,0,NA,102,0,80
30,20210213,Food102,0,0,NA,102,0,80
31,20210213,Food102,0,0,NA,102,0,80
32,20210213,Food102,0,0,NA,102,0,80
33,20210213,Food102,0,0,NA,102,0,80
34,20210213,Food102,0,0,NA,102,0,80
35,20210213,Food102,0,0,NA,102,0,80
36,20210213,Food102,0,0,NA,102,0,80
37,20210213,Food102,0,0,NA,102,0,80
38,20210213,Food102,0,0,NA,102,0,80
39,20210213,Food102,0,0,NA,102,0,80
40,20210213,Food102,0,0,NA,102,0,80
1,20210213,Food104,6,2,0.3333333333333333,104,18,120
2,20210213,Food104,13,7,0.5384615384615384,104,18,120
3,20210213,Food104,17,10,0.5882352941176471,104,18,120
4,20210213,Food104,11,3,0.2727272727272727,104,18,120
5,20210213,Food104,14,4,0.2857142857142857,104,18,120
6,20210213,Food104,18,5,0.2777777777777778,104,18,120
7,20210213,Food104,16,4,0.25,104,18,120
8,20210213,Food104,16,5,0.3125,104,18,120
9,20210213,Food104,14,4,0.2857142857142857,104,18,120
10,20210213,Food104,18,6,0.3333333333333333,104,18,120
11,20210213,Food104,12,3,0.25,104,18,120
12,20210213,Food104,14,1,0.07142857142857142,104,18,120
13,20210213,Food104,11,4,0.36363636363636365,104,18,120
14,20210213,Food104,14,3,0.21428571428571427,104,18,120
15,20210213,Food104,10,4,0.4,104,18,120
16,20210213,Food104,17,5,0.29411764705882354,104,18,120
17,20210213,Food104,19,5,0.2631578947368421,104,18,120
18,20210213,Food104,14,6,0.42857142857142855,104,18,120
19,20210213,Food104,15,1,0.06666666666666667,104,18,120
20,20210213,Food104,9,2,0.2222222222222222,104,18,120
21,20210213,Food104,24,10,0.4166666666666667,104,18,120
22,20210213,Food104,0,0,NA,104,18,120
23,20210213,Food104,0,0,NA,104,18,120
24,20210213,Food104,24,11,0.4583333333333333,104,18,120
25,20210213,Food104,16,6,0.375,104,18,120
26,20210213,Food104,15,9,0.6,104,18,120
27,20210213,Food104,0,0,NA,104,18,120
28,20210213,Food104,14,7,0.5,104,18,120
29,20210213,Food104,15,4,0.26666666666666666,104,18,120
30,20210213,Food104,10,6,0.6,104,18,120
31,20210213,Food104,7,4,0.5714285714285714,104,18,120
32,20210213,Food104,9,3,0.3333333333333333,104,18,120
33,20210213,Food104,10,4,0.4,104,18,120
34,20210213,Food104,6,3,0.5,104,18,120
35,20210213,Food104,3,3,1,104,18,120
36,20210213,Food104,6,3,0.5,104,18,120
37,20210213,Food104,2,1,0.5,104,18,120
38,20210213,Food104,4,1,0.25,104,18,120
39,20210213,Food104,2,1,0.5,104,18,120
40,20210213,Food104,0,0,NA,104,18,120
1,20210213,Food106,22,4,0.18181818181818182,106,6,160
2,20210213,Food106,0,0,NA,106,6,160
3,20210213,Food106,25,8,0.32,106,6,160
4,20210213,Food106,30,9,0.3,106,6,160
5,20210213,Food106,32,8,0.25,106,6,160
6,20210213,Food106,27,6,0.2222222222222222,106,6,160
7,20210213,Food106,26,5,0.19230769230769232,106,6,160
8,20210213,Food106,28,6,0.21428571428571427,106,6,160
9,20210213,Food106,32,7,0.21875,106,6,160
10,20210213,Food106,34,6,0.17647058823529413,106,6,160
11,20210213,Food106,26,8,0.3076923076923077,106,6,160
12,20210213,Food106,28,5,0.17857142857142858,106,6,160
13,20210213,Food106,32,5,0.15625,106,6,160
14,20210213,Food106,0,0,NA,106,6,160
15,20210213,Food106,13,3,0.23076923076923078,106,6,160
16,20210213,Food106,20,5,0.25,106,6,160
17,20210213,Food106,18,6,0.3333333333333333,106,6,160
18,20210213,Food106,20,0,0,106,6,160
19,20210213,Food106,16,6,0.375,106,6,160
20,20210213,Food106,16,6,0.375,106,6,160
21,20210213,Food106,13,8,0.6153846153846154,106,6,160
22,20210213,Food106,12,5,0.4166666666666667,106,6,160
23,20210213,Food106,14,9,0.6428571428571429,106,6,160
24,20210213,Food106,6,4,0.6666666666666666,106,6,160
25,20210213,Food106,7,4,0.5714285714285714,106,6,160
26,20210213,Food106,10,4,0.4,106,6,160
27,20210213,Food106,10,4,0.4,106,6,160
28,20210213,Food106,11,5,0.45454545454545453,106,6,160
29,20210213,Food106,4,1,0.25,106,6,160
30,20210213,Food106,4,2,0.5,106,6,160
31,20210213,Food106,5,1,0.2,106,6,160
32,20210213,Food106,0,0,NA,106,6,160
33,20210213,Food106,5,1,0.2,106,6,160
34,20210213,Food106,3,0,0,106,6,160
35,20210213,Food106,0,0,NA,106,6,160
36,20210213,Food106,0,0,NA,106,6,160
37,20210213,Food106,0,0,NA,106,6,160
38,20210213,Food106,0,0,NA,106,6,160
39,20210213,Food106,0,0,NA,106,6,160
40,20210213,Food106,0,0,NA,106,6,160
1,20210218,Food101,0,0,NA,101,0,40
2,20210218,Food101,0,0,NA,101,0,40
3,20210218,Food101,0,0,NA,101,0,40
4,20210218,Food101,0,0,NA,101,0,40
5,20210218,Food101,0,0,NA,101,0,40
6,20210218,Food101,0,0,NA,101,0,40
7,20210218,Food101,0,0,NA,101,0,40
8,20210218,Food101,0,0,NA,101,0,40
9,20210218,Food101,0,0,NA,101,0,40
10,20210218,Food101,0,0,NA,101,0,40
11,20210218,Food101,0,0,NA,101,0,40
12,20210218,Food101,0,0,NA,101,0,40
13,20210218,Food101,0,0,NA,101,0,40
14,20210218,Food101,0,0,NA,101,0,40
15,20210218,Food101,0,0,NA,101,0,40
16,20210218,Food101,0,0,NA,101,0,40
17,20210218,Food101,0,0,NA,101,0,40
18,20210218,Food101,0,0,NA,101,0,40
19,20210218,Food101,0,0,NA,101,0,40
20,20210218,Food101,0,0,NA,101,0,40
21,20210218,Food101,0,0,NA,101,0,40
22,20210218,Food101,0,0,NA,101,0,40
23,20210218,Food101,0,0,NA,101,0,40
24,20210218,Food101,0,0,NA,101,0,40
25,20210218,Food101,0,0,NA,101,0,40
26,20210218,Food101,0,0,NA,101,0,40
27,20210218,Food101,0,0,NA,101,0,40
28,20210218,Food101,0,0,NA,101,0,40
29,20210218,Food101,0,0,NA,101,0,40
30,20210218,Food101,0,0,NA,101,0,40
31,20210218,Food101,0,0,NA,101,0,40
32,20210218,Food101,0,0,NA,101,0,40
33,20210218,Food101,0,0,NA,101,0,40
34,20210218,Food101,0,0,NA,101,0,40
35,20210218,Food101,0,0,NA,101,0,40
36,20210218,Food101,0,0,NA,101,0,40
37,20210218,Food101,0,0,NA,101,0,40
38,20210218,Food101,0,0,NA,101,0,40
39,20210218,Food101,0,0,NA,101,0,40
40,20210218,Food101,0,0,NA,101,0,40
1,20210218,Food102,0,0,NA,102,6,80
2,20210218,Food102,0,0,NA,102,6,80
3,20210218,Food102,0,0,NA,102,6,80
4,20210218,Food102,0,0,NA,102,6,80
5,20210218,Food102,0,0,NA,102,6,80
6,20210218,Food102,0,0,NA,102,6,80
7,20210218,Food102,0,0,NA,102,6,80
8,20210218,Food102,0,0,NA,102,6,80
9,20210218,Food102,0,0,NA,102,6,80
10,20210218,Food102,0,0,NA,102,6,80
11,20210218,Food102,0,0,NA,102,6,80
12,20210218,Food102,0,0,NA,102,6,80
13,20210218,Food102,0,0,NA,102,6,80
14,20210218,Food102,0,0,NA,102,6,80
15,20210218,Food102,0,0,NA,102,6,80
16,20210218,Food102,0,0,NA,102,6,80
17,20210218,Food102,1,1,1,102,6,80
18,20210218,Food102,1,1,1,102,6,80
19,20210218,Food102,0,0,NA,102,6,80
20,20210218,Food102,1,1,1,102,6,80
21,20210218,Food102,1,1,1,102,6,80
22,20210218,Food102,0,0,NA,102,6,80
23,20210218,Food102,1,1,1,102,6,80
24,20210218,Food102,0,0,NA,102,6,80
25,20210218,Food102,0,0,NA,102,6,80
26,20210218,Food102,0,0,NA,102,6,80
27,20210218,Food102,0,0,NA,102,6,80
28,20210218,Food102,0,0,NA,102,6,80
29,20210218,Food102,0,0,NA,102,6,80
30,20210218,Food102,0,0,NA,102,6,80
31,20210218,Food102,0,0,NA,102,6,80
32,20210218,Food102,0,0,NA,102,6,80
33,20210218,Food102,0,0,NA,102,6,80
34,20210218,Food102,0,0,NA,102,6,80
35,20210218,Food102,0,0,NA,102,6,80
36,20210218,Food102,0,0,NA,102,6,80
37,20210218,Food102,1,0,0,102,6,80
38,20210218,Food102,1,1,1,102,6,80
39,20210218,Food102,2,2,1,102,6,80
40,20210218,Food102,2,2,1,102,6,80
1,20210218,Food104,0,0,NA,104,36,120
2,20210218,Food104,0,0,NA,104,36,120
3,20210218,Food104,0,0,NA,104,36,120
4,20210218,Food104,2,0,0,104,36,120
5,20210218,Food104,2,0,0,104,36,120
6,20210218,Food104,3,0,0,104,36,120
7,20210218,Food104,6,1,0.16666666666666666,104,36,120
8,20210218,Food104,9,2,0.2222222222222222,104,36,120
9,20210218,Food104,11,1,0.09090909090909091,104,36,120
10,20210218,Food104,16,3,0.1875,104,36,120
11,20210218,Food104,17,4,0.23529411764705882,104,36,120
12,20210218,Food104,12,3,0.25,104,36,120
13,20210218,Food104,16,3,0.1875,104,36,120
14,20210218,Food104,11,2,0.18181818181818182,104,36,120
15,20210218,Food104,15,4,0.26666666666666666,104,36,120
16,20210218,Food104,15,3,0.2,104,36,120
17,20210218,Food104,21,4,0.19047619047619047,104,36,120
18,20210218,Food104,17,5,0.29411764705882354,104,36,120
19,20210218,Food104,18,4,0.2222222222222222,104,36,120
20,20210218,Food104,16,4,0.25,104,36,120
21,20210218,Food104,13,4,0.3076923076923077,104,36,120
22,20210218,Food104,12,6,0.5,104,36,120
23,20210218,Food104,11,3,0.2727272727272727,104,36,120
24,20210218,Food104,10,2,0.2,104,36,120
25,20210218,Food104,0,0,NA,104,36,120
26,20210218,Food104,14,4,0.2857142857142857,104,36,120
27,20210218,Food104,14,4,0.2857142857142857,104,36,120
28,20210218,Food104,10,6,0.6,104,36,120
29,20210218,Food104,10,7,0.7,104,36,120
30,20210218,Food104,11,5,0.45454545454545453,104,36,120
31,20210218,Food104,11,6,0.5454545454545454,104,36,120
32,20210218,Food104,16,7,0.4375,104,36,120
33,20210218,Food104,18,6,0.3333333333333333,104,36,120
34,20210218,Food104,12,2,0.16666666666666666,104,36,120
35,20210218,Food104,12,5,0.4166666666666667,104,36,120
36,20210218,Food104,13,5,0.38461538461538464,104,36,120
37,20210218,Food104,11,4,0.36363636363636365,104,36,120
38,20210218,Food104,10,5,0.5,104,36,120
39,20210218,Food104,8,1,0.125,104,36,120
40,20210218,Food104,12,5,0.4166666666666667,104,36,120
1,20210218,Food106,0,0,NA,106,18,160
2,20210218,Food106,0,0,NA,106,18,160
3,20210218,Food106,0,0,NA,106,18,160
4,20210218,Food106,0,0,NA,106,18,160
5,20210218,Food106,0,0,NA,106,18,160
6,20210218,Food106,0,0,NA,106,18,160
7,20210218,Food106,0,0,NA,106,18,160
8,20210218,Food106,0,0,NA,106,18,160
9,20210218,Food106,0,0,NA,106,18,160
10,20210218,Food106,0,0,NA,106,18,160
11,20210218,Food106,0,0,NA,106,18,160
12,20210218,Food106,0,0,NA,106,18,160
13,20210218,Food106,0,0,NA,106,18,160
14,20210218,Food106,0,0,NA,106,18,160
15,20210218,Food106,0,0,NA,106,18,160
16,20210218,Food106,0,0,NA,106,18,160
17,20210218,Food106,0,0,NA,106,18,160
18,20210218,Food106,0,0,NA,106,18,160
19,20210218,Food106,0,0,NA,106,18,160
20,20210218,Food106,0,0,NA,106,18,160
21,20210218,Food106,0,0,NA,106,18,160
22,20210218,Food106,0,0,NA,106,18,160
23,20210218,Food106,0,0,NA,106,18,160
24,20210218,Food106,0,0,NA,106,18,160
25,20210218,Food106,0,0,NA,106,18,160
26,20210218,Food106,0,0,NA,106,18,160
27,20210218,Food106,0,0,NA,106,18,160
28,20210218,Food106,0,0,NA,106,18,160
29,20210218,Food106,0,0,NA,106,18,160
30,20210218,Food106,0,0,NA,106,18,160
31,20210218,Food106,1,1,1,106,18,160
32,20210218,Food106,1,1,1,106,18,160
33,20210218,Food106,2,1,0.5,106,18,160
34,20210218,Food106,3,3,1,106,18,160
35,20210218,Food106,0,0,NA,106,18,160
36,20210218,Food106,0,0,NA,106,18,160
37,20210218,Food106,0,0,NA,106,18,160
38,20210218,Food106,0,0,NA,106,18,160
39,20210218,Food106,0,0,NA,106,18,160
40,20210218,Food106,0,0,NA,106,18,160
1,20210219,Food101,0,0,NA,101,18,40
2,20210219,Food101,0,0,NA,101,18,40
3,20210219,Food101,0,0,NA,101,18,40
4,20210219,Food101,0,0,NA,101,18,40
5,20210219,Food101,0,0,NA,101,18,40
6,20210219,Food101,0,0,NA,101,18,40
7,20210219,Food101,0,0,NA,101,18,40
8,20210219,Food101,0,0,NA,101,18,40
9,20210219,Food101,0,0,NA,101,18,40
10,20210219,Food101,0,0,NA,101,18,40
11,20210219,Food101,0,0,NA,101,18,40
12,20210219,Food101,0,0,NA,101,18,40
13,20210219,Food101,0,0,NA,101,18,40
14,20210219,Food101,0,0,NA,101,18,40
15,20210219,Food101,0,0,NA,101,18,40
16,20210219,Food101,0,0,NA,101,18,40
17,20210219,Food101,4,0,0,101,18,40
18,20210219,Food101,6,0,0,101,18,40
19,20210219,Food101,0,0,NA,101,18,40
20,20210219,Food101,0,0,NA,101,18,40
21,20210219,Food101,3,0,0,101,18,40
22,20210219,Food101,3,1,0.3333333333333333,101,18,40
23,20210219,Food101,4,1,0.25,101,18,40
24,20210219,Food101,7,2,0.2857142857142857,101,18,40
25,20210219,Food101,5,1,0.2,101,18,40
26,20210219,Food101,6,1,0.16666666666666666,101,18,40
27,20210219,Food101,8,0,0,101,18,40
28,20210219,Food101,4,1,0.25,101,18,40
29,20210219,Food101,2,0,0,101,18,40
30,20210219,Food101,4,0,0,101,18,40
31,20210219,Food101,4,0,0,101,18,40
32,20210219,Food101,0,0,NA,101,18,40
33,20210219,Food101,0,0,NA,101,18,40
34,20210219,Food101,0,0,NA,101,18,40
35,20210219,Food101,0,0,NA,101,18,40
36,20210219,Food101,0,0,NA,101,18,40
37,20210219,Food101,0,0,NA,101,18,40
38,20210219,Food101,0,0,NA,101,18,40
39,20210219,Food101,0,0,NA,101,18,40
40,20210219,Food101,0,0,NA,101,18,40
1,20210219,Food102,0,0,NA,102,36,80
2,20210219,Food102,0,0,NA,102,36,80
3,20210219,Food102,0,0,NA,102,36,80
4,20210219,Food102,0,0,NA,102,36,80
5,20210219,Food102,0,0,NA,102,36,80
6,20210219,Food102,0,0,NA,102,36,80
7,20210219,Food102,0,0,NA,102,36,80
8,20210219,Food102,0,0,NA,102,36,80
9,20210219,Food102,0,0,NA,102,36,80
10,20210219,Food102,0,0,NA,102,36,80
11,20210219,Food102,0,0,NA,102,36,80
12,20210219,Food102,0,0,NA,102,36,80
13,20210219,Food102,0,0,NA,102,36,80
14,20210219,Food102,0,0,NA,102,36,80
15,20210219,Food102,0,0,NA,102,36,80
16,20210219,Food102,0,0,NA,102,36,80
17,20210219,Food102,0,0,NA,102,36,80
18,20210219,Food102,0,0,NA,102,36,80
19,20210219,Food102,0,0,NA,102,36,80
20,20210219,Food102,3,0,0,102,36,80
21,20210219,Food102,18,6,0.3333333333333333,102,36,80
22,20210219,Food102,20,8,0.4,102,36,80
23,20210219,Food102,23,6,0.2608695652173913,102,36,80
24,20210219,Food102,19,7,0.3684210526315789,102,36,80
25,20210219,Food102,12,4,0.3333333333333333,102,36,80
26,20210219,Food102,13,7,0.5384615384615384,102,36,80
27,20210219,Food102,12,2,0.16666666666666666,102,36,80
28,20210219,Food102,8,5,0.625,102,36,80
29,20210219,Food102,7,4,0.5714285714285714,102,36,80
30,20210219,Food102,14,5,0.35714285714285715,102,36,80
31,20210219,Food102,16,8,0.5,102,36,80
32,20210219,Food102,14,9,0.6428571428571429,102,36,80
33,20210219,Food102,12,1,0.08333333333333333,102,36,80
34,20210219,Food102,7,1,0.14285714285714285,102,36,80
35,20210219,Food102,3,1,0.3333333333333333,102,36,80
36,20210219,Food102,9,2,0.2222222222222222,102,36,80
37,20210219,Food102,7,4,0.5714285714285714,102,36,80
38,20210219,Food102,6,4,0.6666666666666666,102,36,80
39,20210219,Food102,7,2,0.2857142857142857,102,36,80
40,20210219,Food102,6,5,0.8333333333333334,102,36,80
1,20210219,Food104,0,0,NA,104,6,120
2,20210219,Food104,0,0,NA,104,6,120
3,20210219,Food104,0,0,NA,104,6,120
4,20210219,Food104,0,0,NA,104,6,120
5,20210219,Food104,0,0,NA,104,6,120
6,20210219,Food104,0,0,NA,104,6,120
7,20210219,Food104,0,0,NA,104,6,120
8,20210219,Food104,0,0,NA,104,6,120
9,20210219,Food104,0,0,NA,104,6,120
10,20210219,Food104,0,0,NA,104,6,120
11,20210219,Food104,1,0,0,104,6,120
12,20210219,Food104,1,0,0,104,6,120
13,20210219,Food104,11,0,0,104,6,120
14,20210219,Food104,16,1,0.0625,104,6,120
15,20210219,Food104,20,2,0.1,104,6,120
16,20210219,Food104,23,2,0.08695652173913043,104,6,120
17,20210219,Food104,21,3,0.14285714285714285,104,6,120
18,20210219,Food104,20,3,0.15,104,6,120
19,20210219,Food104,20,2,0.1,104,6,120
20,20210219,Food104,21,0,0,104,6,120
21,20210219,Food104,20,2,0.1,104,6,120
22,20210219,Food104,19,1,0.05263157894736842,104,6,120
23,20210219,Food104,24,4,0.16666666666666666,104,6,120
24,20210219,Food104,32,2,0.0625,104,6,120
25,20210219,Food104,20,3,0.15,104,6,120
26,20210219,Food104,8,5,0.625,104,6,120
27,20210219,Food104,3,3,1,104,6,120
28,20210219,Food104,1,0,0,104,6,120
29,20210219,Food104,2,2,1,104,6,120
30,20210219,Food104,1,1,1,104,6,120
31,20210219,Food104,0,0,NA,104,6,120
32,20210219,Food104,0,0,NA,104,6,120
33,20210219,Food104,0,0,NA,104,6,120
34,20210219,Food104,0,0,NA,104,6,120
35,20210219,Food104,0,0,NA,104,6,120
36,20210219,Food104,0,0,NA,104,6,120
37,20210219,Food104,0,0,NA,104,6,120
38,20210219,Food104,0,0,NA,104,6,120
39,20210219,Food104,0,0,NA,104,6,120
40,20210219,Food104,0,0,NA,104,6,120
1,20210219,Food106,0,0,NA,106,0,160
2,20210219,Food106,0,0,NA,106,0,160
3,20210219,Food106,0,0,NA,106,0,160
4,20210219,Food106,0,0,NA,106,0,160
5,20210219,Food106,0,0,NA,106,0,160
6,20210219,Food106,0,0,NA,106,0,160
7,20210219,Food106,0,0,NA,106,0,160
8,20210219,Food106,0,0,NA,106,0,160
9,20210219,Food106,0,0,NA,106,0,160
10,20210219,Food106,0,0,NA,106,0,160
11,20210219,Food106,0,0,NA,106,0,160
12,20210219,Food106,0,0,NA,106,0,160
13,20210219,Food106,0,0,NA,106,0,160
14,20210219,Food106,0,0,NA,106,0,160
15,20210219,Food106,0,0,NA,106,0,160
16,20210219,Food106,0,0,NA,106,0,160
17,20210219,Food106,0,0,NA,106,0,160
18,20210219,Food106,0,0,NA,106,0,160
19,20210219,Food106,0,0,NA,106,0,160
20,20210219,Food106,0,0,NA,106,0,160
21,20210219,Food106,0,0,NA,106,0,160
22,20210219,Food106,0,0,NA,106,0,160
23,20210219,Food106,0,0,NA,106,0,160
24,20210219,Food106,0,0,NA,106,0,160
25,20210219,Food106,0,0,NA,106,0,160
26,20210219,Food106,0,0,NA,106,0,160
27,20210219,Food106,0,0,NA,106,0,160
28,20210219,Food106,0,0,NA,106,0,160
29,20210219,Food106,0,0,NA,106,0,160
30,20210219,Food106,0,0,NA,106,0,160
31,20210219,Food106,0,0,NA,106,0,160
32,20210219,Food106,0,0,NA,106,0,160
33,20210219,Food106,0,0,NA,106,0,160
34,20210219,Food106,0,0,NA,106,0,160
35,20210219,Food106,0,0,NA,106,0,160
36,20210219,Food106,0,0,NA,106,0,160
37,20210219,Food106,0,0,NA,106,0,160
38,20210219,Food106,0,0,NA,106,0,160
39,20210219,Food106,0,0,NA,106,0,160
40,20210219,Food106,0,0,NA,106,0,160
1,20210220,Food101,0,0,NA,101,6,40
2,20210220,Food101,0,0,NA,101,6,40
3,20210220,Food101,0,0,NA,101,6,40
4,20210220,Food101,0,0,NA,101,6,40
5,20210220,Food101,0,0,NA,101,6,40
6,20210220,Food101,0,0,NA,101,6,40
7,20210220,Food101,0,0,NA,101,6,40
8,20210220,Food101,0,0,NA,101,6,40
9,20210220,Food101,0,0,NA,101,6,40
10,20210220,Food101,0,0,NA,101,6,40
11,20210220,Food101,0,0,NA,101,6,40
12,20210220,Food101,0,0,NA,101,6,40
13,20210220,Food101,0,0,NA,101,6,40
14,20210220,Food101,0,0,NA,101,6,40
15,20210220,Food101,0,0,NA,101,6,40
16,20210220,Food101,0,0,NA,101,6,40
17,20210220,Food101,0,0,NA,101,6,40
18,20210220,Food101,0,0,NA,101,6,40
19,20210220,Food101,0,0,NA,101,6,40
20,20210220,Food101,19,3,0.15789473684210525,101,6,40
21,20210220,Food101,19,4,0.21052631578947367,101,6,40
22,20210220,Food101,17,2,0.11764705882352941,101,6,40
23,20210220,Food101,14,3,0.21428571428571427,101,6,40
24,20210220,Food101,14,4,0.2857142857142857,101,6,40
25,20210220,Food101,10,2,0.2,101,6,40
26,20210220,Food101,12,3,0.25,101,6,40
27,20210220,Food101,12,2,0.16666666666666666,101,6,40
28,20210220,Food101,13,2,0.15384615384615385,101,6,40
29,20210220,Food101,17,3,0.17647058823529413,101,6,40
30,20210220,Food101,5,1,0.2,101,6,40
31,20210220,Food101,7,2,0.2857142857142857,101,6,40
32,20210220,Food101,12,3,0.25,101,6,40
33,20210220,Food101,11,6,0.5454545454545454,101,6,40
34,20210220,Food101,13,2,0.15384615384615385,101,6,40
35,20210220,Food101,12,0,0,101,6,40
36,20210220,Food101,12,0,0,101,6,40
37,20210220,Food101,7,0,0,101,6,40
38,20210220,Food101,0,0,NA,101,6,40
39,20210220,Food101,0,0,NA,101,6,40
40,20210220,Food101,0,0,NA,101,6,40
1,20210220,Food102,0,0,NA,102,18,80
2,20210220,Food102,2,0,0,102,18,80
3,20210220,Food102,3,0,0,102,18,80
4,20210220,Food102,5,0,0,102,18,80
5,20210220,Food102,6,0,0,102,18,80
6,20210220,Food102,6,0,0,102,18,80
7,20210220,Food102,1,0,0,102,18,80
8,20210220,Food102,3,1,0.3333333333333333,102,18,80
9,20210220,Food102,4,1,0.25,102,18,80
10,20210220,Food102,5,2,0.4,102,18,80
11,20210220,Food102,7,2,0.2857142857142857,102,18,80
12,20210220,Food102,9,2,0.2222222222222222,102,18,80
13,20210220,Food102,0,0,NA,102,18,80
14,20210220,Food102,0,0,NA,102,18,80
15,20210220,Food102,0,0,NA,102,18,80
16,20210220,Food102,0,0,NA,102,18,80
17,20210220,Food102,20,2,0.1,102,18,80
18,20210220,Food102,0,0,NA,102,18,80
19,20210220,Food102,0,0,NA,102,18,80
20,20210220,Food102,0,0,NA,102,18,80
21,20210220,Food102,20,3,0.15,102,18,80
22,20210220,Food102,22,5,0.22727272727272727,102,18,80
23,20210220,Food102,0,0,NA,102,18,80
24,20210220,Food102,23,6,0.2608695652173913,102,18,80
25,20210220,Food102,12,8,0.6666666666666666,102,18,80
26,20210220,Food102,25,10,0.4,102,18,80
27,20210220,Food102,23,5,0.21739130434782608,102,18,80
28,20210220,Food102,14,3,0.21428571428571427,102,18,80
29,20210220,Food102,12,1,0.08333333333333333,102,18,80
30,20210220,Food102,5,2,0.4,102,18,80
31,20210220,Food102,2,0,0,102,18,80
32,20210220,Food102,4,1,0.25,102,18,80
33,20210220,Food102,8,0,0,102,18,80
34,20210220,Food102,3,2,0.6666666666666666,102,18,80
35,20210220,Food102,5,1,0.2,102,18,80
36,20210220,Food102,6,1,0.16666666666666666,102,18,80
37,20210220,Food102,3,2,0.6666666666666666,102,18,80
38,20210220,Food102,2,1,0.5,102,18,80
39,20210220,Food102,0,0,NA,102,18,80
40,20210220,Food102,1,0,0,102,18,80
1,20210220,Food104,0,0,NA,104,0,120
2,20210220,Food104,0,0,NA,104,0,120
3,20210220,Food104,0,0,NA,104,0,120
4,20210220,Food104,0,0,NA,104,0,120
5,20210220,Food104,0,0,NA,104,0,120
6,20210220,Food104,0,0,NA,104,0,120
7,20210220,Food104,0,0,NA,104,0,120
8,20210220,Food104,0,0,NA,104,0,120
9,20210220,Food104,0,0,NA,104,0,120
10,20210220,Food104,0,0,NA,104,0,120
11,20210220,Food104,0,0,NA,104,0,120
12,20210220,Food104,0,0,NA,104,0,120
13,20210220,Food104,0,0,NA,104,0,120
14,20210220,Food104,0,0,NA,104,0,120
15,20210220,Food104,0,0,NA,104,0,120
16,20210220,Food104,0,0,NA,104,0,120
17,20210220,Food104,0,0,NA,104,0,120
18,20210220,Food104,0,0,NA,104,0,120
19,20210220,Food104,0,0,NA,104,0,120
20,20210220,Food104,0,0,NA,104,0,120
21,20210220,Food104,0,0,NA,104,0,120
22,20210220,Food104,0,0,NA,104,0,120
23,20210220,Food104,0,0,NA,104,0,120
24,20210220,Food104,0,0,NA,104,0,120
25,20210220,Food104,0,0,NA,104,0,120
26,20210220,Food104,0,0,NA,104,0,120
27,20210220,Food104,0,0,NA,104,0,120
28,20210220,Food104,0,0,NA,104,0,120
29,20210220,Food104,0,0,NA,104,0,120
30,20210220,Food104,0,0,NA,104,0,120
31,20210220,Food104,0,0,NA,104,0,120
32,20210220,Food104,0,0,NA,104,0,120
33,20210220,Food104,0,0,NA,104,0,120
34,20210220,Food104,0,0,NA,104,0,120
35,20210220,Food104,0,0,NA,104,0,120
36,20210220,Food104,0,0,NA,104,0,120
37,20210220,Food104,0,0,NA,104,0,120
38,20210220,Food104,0,0,NA,104,0,120
39,20210220,Food104,0,0,NA,104,0,120
40,20210220,Food104,0,0,NA,104,0,120
1,20210220,Food106,0,0,NA,106,36,160
2,20210220,Food106,0,0,NA,106,36,160
3,20210220,Food106,0,0,NA,106,36,160
4,20210220,Food106,0,0,NA,106,36,160
5,20210220,Food106,0,0,NA,106,36,160
6,20210220,Food106,0,0,NA,106,36,160
7,20210220,Food106,0,0,NA,106,36,160
8,20210220,Food106,0,0,NA,106,36,160
9,20210220,Food106,0,0,NA,106,36,160
10,20210220,Food106,0,0,NA,106,36,160
11,20210220,Food106,0,0,NA,106,36,160
12,20210220,Food106,0,0,NA,106,36,160
13,20210220,Food106,0,0,NA,106,36,160
14,20210220,Food106,0,0,NA,106,36,160
15,20210220,Food106,0,0,NA,106,36,160
16,20210220,Food106,0,0,NA,106,36,160
17,20210220,Food106,0,0,NA,106,36,160
18,20210220,Food106,0,0,NA,106,36,160
19,20210220,Food106,7,0,0,106,36,160
20,20210220,Food106,10,1,0.1,106,36,160
21,20210220,Food106,12,3,0.25,106,36,160
22,20210220,Food106,6,1,0.16666666666666666,106,36,160
23,20210220,Food106,4,2,0.5,106,36,160
24,20210220,Food106,11,5,0.45454545454545453,106,36,160
25,20210220,Food106,14,6,0.42857142857142855,106,36,160
26,20210220,Food106,15,9,0.6,106,36,160
27,20210220,Food106,12,5,0.4166666666666667,106,36,160
28,20210220,Food106,11,7,0.6363636363636364,106,36,160
29,20210220,Food106,11,8,0.7272727272727273,106,36,160
30,20210220,Food106,0,0,NA,106,36,160
31,20210220,Food106,9,8,0.8888888888888888,106,36,160
32,20210220,Food106,10,7,0.7,106,36,160
33,20210220,Food106,16,7,0.4375,106,36,160
34,20210220,Food106,14,7,0.5,106,36,160
35,20210220,Food106,13,9,0.6923076923076923,106,36,160
36,20210220,Food106,14,9,0.6428571428571429,106,36,160
37,20210220,Food106,11,5,0.45454545454545453,106,36,160
38,20210220,Food106,10,6,0.6,106,36,160
39,20210220,Food106,13,2,0.15384615384615385,106,36,160
40,20210220,Food106,4,1,0.25,106,36,160
1,20210221,Food101,0,0,NA,101,36,40
2,20210221,Food101,0,0,NA,101,36,40
3,20210221,Food101,0,0,NA,101,36,40
4,20210221,Food101,8,0,0,101,36,40
5,20210221,Food101,14,0,0,101,36,40
6,20210221,Food101,18,2,0.1111111111111111,101,36,40
7,20210221,Food101,0,0,NA,101,36,40
8,20210221,Food101,0,0,NA,101,36,40
9,20210221,Food101,21,1,0.047619047619047616,101,36,40
10,20210221,Food101,13,0,0,101,36,40
11,20210221,Food101,17,4,0.23529411764705882,101,36,40
12,20210221,Food101,16,0,0,101,36,40
13,20210221,Food101,15,3,0.2,101,36,40
14,20210221,Food101,12,4,0.3333333333333333,101,36,40
15,20210221,Food101,17,4,0.23529411764705882,101,36,40
16,20210221,Food101,22,0,0,101,36,40
17,20210221,Food101,21,2,0.09523809523809523,101,36,40
18,20210221,Food101,20,6,0.3,101,36,40
19,20210221,Food101,22,5,0.22727272727272727,101,36,40
20,20210221,Food101,26,4,0.15384615384615385,101,36,40
21,20210221,Food101,19,6,0.3157894736842105,101,36,40
22,20210221,Food101,16,7,0.4375,101,36,40
23,20210221,Food101,18,4,0.2222222222222222,101,36,40
24,20210221,Food101,10,4,0.4,101,36,40
25,20210221,Food101,11,5,0.45454545454545453,101,36,40
26,20210221,Food101,12,4,0.3333333333333333,101,36,40
27,20210221,Food101,9,1,0.1111111111111111,101,36,40
28,20210221,Food101,12,3,0.25,101,36,40
29,20210221,Food101,10,2,0.2,101,36,40
30,20210221,Food101,9,1,0.1111111111111111,101,36,40
31,20210221,Food101,8,3,0.375,101,36,40
32,20210221,Food101,11,2,0.18181818181818182,101,36,40
33,20210221,Food101,8,2,0.25,101,36,40
34,20210221,Food101,8,2,0.25,101,36,40
35,20210221,Food101,6,3,0.5,101,36,40
36,20210221,Food101,9,2,0.2222222222222222,101,36,40
37,20210221,Food101,2,1,0.5,101,36,40
38,20210221,Food101,3,0,0,101,36,40
39,20210221,Food101,0,0,NA,101,36,40
40,20210221,Food101,0,0,NA,101,36,40
1,20210221,Food102,0,0,NA,102,0,80
2,20210221,Food102,0,0,NA,102,0,80
3,20210221,Food102,0,0,NA,102,0,80
4,20210221,Food102,0,0,NA,102,0,80
5,20210221,Food102,0,0,NA,102,0,80
6,20210221,Food102,0,0,NA,102,0,80
7,20210221,Food102,0,0,NA,102,0,80
8,20210221,Food102,0,0,NA,102,0,80
9,20210221,Food102,0,0,NA,102,0,80
10,20210221,Food102,0,0,NA,102,0,80
11,20210221,Food102,0,0,NA,102,0,80
12,20210221,Food102,0,0,NA,102,0,80
13,20210221,Food102,0,0,NA,102,0,80
14,20210221,Food102,0,0,NA,102,0,80
15,20210221,Food102,0,0,NA,102,0,80
16,20210221,Food102,0,0,NA,102,0,80
17,20210221,Food102,0,0,NA,102,0,80
18,20210221,Food102,0,0,NA,102,0,80
19,20210221,Food102,0,0,NA,102,0,80
20,20210221,Food102,0,0,NA,102,0,80
21,20210221,Food102,0,0,NA,102,0,80
22,20210221,Food102,0,0,NA,102,0,80
23,20210221,Food102,0,0,NA,102,0,80
24,20210221,Food102,0,0,NA,102,0,80
25,20210221,Food102,0,0,NA,102,0,80
26,20210221,Food102,0,0,NA,102,0,80
27,20210221,Food102,0,0,NA,102,0,80
28,20210221,Food102,0,0,NA,102,0,80
29,20210221,Food102,0,0,NA,102,0,80
30,20210221,Food102,0,0,NA,102,0,80
31,20210221,Food102,0,0,NA,102,0,80
32,20210221,Food102,0,0,NA,102,0,80
33,20210221,Food102,0,0,NA,102,0,80
34,20210221,Food102,0,0,NA,102,0,80
35,20210221,Food102,0,0,NA,102,0,80
36,20210221,Food102,0,0,NA,102,0,80
37,20210221,Food102,0,0,NA,102,0,80
38,20210221,Food102,0,0,NA,102,0,80
39,20210221,Food102,0,0,NA,102,0,80
40,20210221,Food102,0,0,NA,102,0,80
1,20210221,Food104,0,0,NA,104,18,120
2,20210221,Food104,0,0,NA,104,18,120
3,20210221,Food104,0,0,NA,104,18,120
4,20210221,Food104,0,0,NA,104,18,120
5,20210221,Food104,0,0,NA,104,18,120
6,20210221,Food104,0,0,NA,104,18,120
7,20210221,Food104,0,0,NA,104,18,120
8,20210221,Food104,0,0,NA,104,18,120
9,20210221,Food104,0,0,NA,104,18,120
10,20210221,Food104,0,0,NA,104,18,120
11,20210221,Food104,0,0,NA,104,18,120
12,20210221,Food104,0,0,NA,104,18,120
13,20210221,Food104,1,0,0,104,18,120
14,20210221,Food104,0,0,NA,104,18,120
15,20210221,Food104,1,0,0,104,18,120
16,20210221,Food104,1,0,0,104,18,120
17,20210221,Food104,1,0,0,104,18,120
18,20210221,Food104,0,0,NA,104,18,120
19,20210221,Food104,4,0,0,104,18,120
20,20210221,Food104,6,1,0.16666666666666666,104,18,120
21,20210221,Food104,12,4,0.3333333333333333,104,18,120
22,20210221,Food104,14,5,0.35714285714285715,104,18,120
23,20210221,Food104,11,4,0.36363636363636365,104,18,120
24,20210221,Food104,12,3,0.25,104,18,120
25,20210221,Food104,14,3,0.21428571428571427,104,18,120
26,20210221,Food104,6,3,0.5,104,18,120
27,20210221,Food104,2,1,0.5,104,18,120
28,20210221,Food104,0,0,NA,104,18,120
29,20210221,Food104,6,4,0.6666666666666666,104,18,120
30,20210221,Food104,4,0,0,104,18,120
31,20210221,Food104,5,1,0.2,104,18,120
32,20210221,Food104,2,0,0,104,18,120
33,20210221,Food104,0,0,NA,104,18,120
34,20210221,Food104,0,0,NA,104,18,120
35,20210221,Food104,0,0,NA,104,18,120
36,20210221,Food104,0,0,NA,104,18,120
37,20210221,Food104,0,0,NA,104,18,120
38,20210221,Food104,0,0,NA,104,18,120
39,20210221,Food104,0,0,NA,104,18,120
40,20210221,Food104,0,0,NA,104,18,120
1,20210221,Food106,0,0,NA,106,6,160
2,20210221,Food106,0,0,NA,106,6,160
3,20210221,Food106,0,0,NA,106,6,160
4,20210221,Food106,0,0,NA,106,6,160
5,20210221,Food106,0,0,NA,106,6,160
6,20210221,Food106,0,0,NA,106,6,160
7,20210221,Food106,0,0,NA,106,6,160
8,20210221,Food106,0,0,NA,106,6,160
9,20210221,Food106,0,0,NA,106,6,160
10,20210221,Food106,0,0,NA,106,6,160
11,20210221,Food106,0,0,NA,106,6,160
12,20210221,Food106,0,0,NA,106,6,160
13,20210221,Food106,0,0,NA,106,6,160
14,20210221,Food106,0,0,NA,106,6,160
15,20210221,Food106,0,0,NA,106,6,160
16,20210221,Food106,0,0,NA,106,6,160
17,20210221,Food106,7,0,0,106,6,160
18,20210221,Food106,0,0,NA,106,6,160
19,20210221,Food106,4,1,0.25,106,6,160
20,20210221,Food106,9,0,0,106,6,160
21,20210221,Food106,15,0,0,106,6,160
22,20210221,Food106,16,3,0.1875,106,6,160
23,20210221,Food106,17,2,0.11764705882352941,106,6,160
24,20210221,Food106,16,2,0.125,106,6,160
25,20210221,Food106,15,2,0.13333333333333333,106,6,160
26,20210221,Food106,16,2,0.125,106,6,160
27,20210221,Food106,17,3,0.17647058823529413,106,6,160
28,20210221,Food106,10,4,0.4,106,6,160
29,20210221,Food106,4,1,0.25,106,6,160
30,20210221,Food106,6,0,0,106,6,160
31,20210221,Food106,4,0,0,106,6,160
32,20210221,Food106,0,0,NA,106,6,160
33,20210221,Food106,0,0,NA,106,6,160
34,20210221,Food106,0,0,NA,106,6,160
35,20210221,Food106,0,0,NA,106,6,160
36,20210221,Food106,0,0,NA,106,6,160
37,20210221,Food106,0,0,NA,106,6,160
38,20210221,Food106,0,0,NA,106,6,160
39,20210221,Food106,0,0,NA,106,6,160
40,20210221,Food106,0,0,NA,106,6,160
